{
    "loss": {
        "distributed": [
            [
                1,
                0.5126207789614534
            ],
            [
                2,
                0.34627581005156394
            ],
            [
                3,
                0.3269470842762773
            ],
            [
                4,
                0.2722379043614859
            ],
            [
                5,
                0.3152588078964927
            ],
            [
                6,
                0.2976346460056
            ],
            [
                7,
                0.2552603647537168
            ],
            [
                8,
                0.2645704367930529
            ],
            [
                9,
                0.267890982464261
            ],
            [
                10,
                0.25152298193579153
            ],
            [
                11,
                0.28876687779452415
            ],
            [
                12,
                0.2594518625799527
            ],
            [
                13,
                0.24684603524434373
            ],
            [
                14,
                0.23177516683902738
            ],
            [
                15,
                0.24886548525128954
            ],
            [
                16,
                0.25712665871197
            ],
            [
                17,
                0.25321552266828834
            ],
            [
                18,
                0.24787456366503413
            ],
            [
                19,
                0.26579562481718855
            ],
            [
                20,
                0.29006375261485934
            ]
        ]
    },
    "metrics": {
        "distributed": {
            "fit": {
                "train_loss": [
                    [
                        1,
                        0.4411237468646406
                    ],
                    [
                        2,
                        0.2947365564629458
                    ],
                    [
                        3,
                        0.22278765386019725
                    ],
                    [
                        4,
                        0.1855283474157233
                    ],
                    [
                        5,
                        0.18097821993608504
                    ],
                    [
                        6,
                        0.1643456484562404
                    ],
                    [
                        7,
                        0.14145490357849122
                    ],
                    [
                        8,
                        0.13203877636855846
                    ],
                    [
                        9,
                        0.11741706814765861
                    ],
                    [
                        10,
                        0.10390529246947186
                    ],
                    [
                        11,
                        0.10181775367994629
                    ],
                    [
                        12,
                        0.10111599642520197
                    ],
                    [
                        13,
                        0.07850881890444454
                    ],
                    [
                        14,
                        0.07624596473652177
                    ],
                    [
                        15,
                        0.07443718567748507
                    ],
                    [
                        16,
                        0.06290537524493495
                    ],
                    [
                        17,
                        0.05466259921055013
                    ],
                    [
                        18,
                        0.05680907793487682
                    ],
                    [
                        19,
                        0.04880230119343979
                    ],
                    [
                        20,
                        0.042209522008601445
                    ]
                ],
                "train_accuracy": [
                    [
                        1,
                        0.8402691253426364
                    ],
                    [
                        2,
                        0.894781511293787
                    ],
                    [
                        3,
                        0.9196868845991152
                    ],
                    [
                        4,
                        0.9332913386482782
                    ],
                    [
                        5,
                        0.9337646473962847
                    ],
                    [
                        6,
                        0.9405193578311228
                    ],
                    [
                        7,
                        0.9477585596564401
                    ],
                    [
                        8,
                        0.951240240656809
                    ],
                    [
                        9,
                        0.9577060109601346
                    ],
                    [
                        10,
                        0.9628852720072687
                    ],
                    [
                        11,
                        0.9646777631622369
                    ],
                    [
                        12,
                        0.9644111410372468
                    ],
                    [
                        13,
                        0.9732356530737134
                    ],
                    [
                        14,
                        0.9743446866139074
                    ],
                    [
                        15,
                        0.9739180694707262
                    ],
                    [
                        16,
                        0.9790730695060952
                    ],
                    [
                        17,
                        0.9821096633762509
                    ],
                    [
                        18,
                        0.9807324228433192
                    ],
                    [
                        19,
                        0.984064295956417
                    ],
                    [
                        20,
                        0.9864719100867337
                    ]
                ]
            },