{
    "loss": {
        "distributed": [
            [
                1,
                1.9883903328582966
            ],
            [
                2,
                1.383874427510603
            ],
            [
                3,
                1.2038021185409304
            ],
            [
                4,
                0.5815227773429371
            ],
            [
                5,
                3.0567203671177032
            ],
            [
                6,
                0.4754619859715254
            ],
            [
                7,
                1.2882686832060257
            ],
            [
                8,
                0.30955043376415176
            ],
            [
                9,
                2.8124218214884515
            ],
            [
                10,
                0.6283297607783668
            ],
            [
                11,
                2.543039252968512
            ],
            [
                12,
                0.757844158349202
            ],
            [
                13,
                3.117000184126663
            ],
            [
                14,
                0.9113039100610183
            ],
            [
                15,
                4.71163578891207
            ],
            [
                16,
                0.2752303834039984
            ],
            [
                17,
                1.8959018194954531
            ],
            [
                18,
                0.5794921504309102
            ],
            [
                19,
                1.7796544657646607
            ],
            [
                20,
                0.2963733484221844
            ]
        ]
    },
    "metrics": {
        "distributed": {
            "fit": {
                "train_loss": [
                    [
                        1,
                        0.4099854646670713
                    ],
                    [
                        2,
                        0.32005878536590227
                    ],
                    [
                        3,
                        0.2490366017937048
                    ],
                    [
                        4,
                        0.25160757093859615
                    ],
                    [
                        5,
                        0.2259363676031963
                    ],
                    [
                        6,
                        0.20446289717939337
                    ],
                    [
                        7,
                        0.19483464960122052
                    ],
                    [
                        8,
                        0.18636026918601267
                    ],
                    [
                        9,
                        0.16683096198622585
                    ],
                    [
                        10,
                        0.14442109802235847
                    ],
                    [
                        11,
                        0.1326404056509348
                    ],
                    [
                        12,
                        0.10670603985663454
                    ],
                    [
                        13,
                        0.12234682275806794
                    ],
                    [
                        14,
                        0.10212825791309563
                    ],
                    [
                        15,
                        0.1023744432242378
                    ],
                    [
                        16,
                        0.11400027836620279
                    ],
                    [
                        17,
                        0.10511714246946685
                    ],
                    [
                        18,
                        0.08142874372593674
                    ],
                    [
                        19,
                        0.07361948950365158
                    ],
                    [
                        20,
                        0.07823660040592927
                    ]
                ],
                "train_accuracy": [
                    [
                        1,
                        0.41631051595542
                    ],
                    [
                        2,
                        0.4825885339869596
                    ],
                    [
                        3,
                        0.49750000300903147
                    ],
                    [
                        4,
                        0.5985438229933698
                    ],
                    [
                        5,
                        0.5043505586863304
                    ],
                    [
                        6,
                        0.510932842160003
                    ],
                    [
                        7,
                        0.6191930281629022
                    ],
                    [
                        8,
                        0.7221045747601428
                    ],
                    [
                        9,
                        0.5221904493545496
                    ],
                    [
                        10,
                        0.41710858862975975
                    ],
                    [
                        11,
                        0.5246830999300801
                    ],
                    [
                        12,
                        0.4246166211452687
                    ],
                    [
                        13,
                        0.5275707355415782
                    ],
                    [
                        14,
                        0.42615132516560517
                    ],
                    [
                        15,
                        0.42443644433641076
                    ],
                    [
                        16,
                        0.6358680192373741
                    ],
                    [
                        17,
                        0.5355363852346774
                    ],
                    [
                        18,
                        0.4293325808777974
                    ],
                    [
                        19,
                        0.5387724013925094
                    ],
                    [
                        20,
                        0.6456349923460198
                    ]
                ]
            },