{
    "loss": {
        "distributed": [
            [
                1,
                0.6612577858460317
            ],
            [
                2,
                0.70348388093078
            ],
            [
                3,
                0.5038294969511427
            ],
            [
                4,
                0.6668267227642335
            ],
            [
                5,
                0.44618167320360064
            ],
            [
                6,
                0.7415375267978445
            ],
            [
                7,
                0.3455228290917327
            ],
            [
                8,
                2.374844291621605
            ],
            [
                9,
                0.3173754986369802
            ],
            [
                10,
                1.153159270668577
            ],
            [
                11,
                0.35855786081603247
            ],
            [
                12,
                2.1287879314087577
            ],
            [
                13,
                0.2565428348526623
            ],
            [
                14,
                0.35881714644457025
            ],
            [
                15,
                0.2967117154551469
            ],
            [
                16,
                0.28856277182494217
            ],
            [
                17,
                0.27113184624283565
            ],
            [
                18,
                3.02347956775184
            ],
            [
                19,
                0.24639044793393522
            ],
            [
                20,
                1.1805227678304233
            ]
        ]
    },
    "metrics": {
        "distributed": {
            "fit": {
                "train_loss": [
                    [
                        1,
                        0.4828241241162273
                    ],
                    [
                        2,
                        0.30792552516843624
                    ],
                    [
                        3,
                        0.25456770467657297
                    ],
                    [
                        4,
                        0.23930591355634703
                    ],
                    [
                        5,
                        0.20991185809324167
                    ],
                    [
                        6,
                        0.19680839810958353
                    ],
                    [
                        7,
                        0.16972822854976352
                    ],
                    [
                        8,
                        0.16715724905554352
                    ],
                    [
                        9,
                        0.1650848189697718
                    ],
                    [
                        10,
                        0.16668815856108984
                    ],
                    [
                        11,
                        0.13258081631968593
                    ],
                    [
                        12,
                        0.1289543798158139
                    ],
                    [
                        13,
                        0.11959908296379083
                    ],
                    [
                        14,
                        0.11995106500178654
                    ],
                    [
                        15,
                        0.10952878452452308
                    ],
                    [
                        16,
                        0.07777020675130217
                    ],
                    [
                        17,
                        0.07274069305931465
                    ],
                    [
                        18,
                        0.09085665295992304
                    ],
                    [
                        19,
                        0.0830362688157913
                    ],
                    [
                        20,
                        0.09926307357586892
                    ]
                ],
                "train_accuracy": [
                    [
                        1,
                        0.8266895593634314
                    ],
                    [
                        2,
                        0.6002367556247822
                    ],
                    [
                        3,
                        0.7076282168608564
                    ],
                    [
                        4,
                        0.7121195658917531
                    ],
                    [
                        5,
                        0.7185883462288972
                    ],
                    [
                        6,
                        0.7220972875795902
                    ],
                    [
                        7,
                        0.7309014910662249
                    ],
                    [
                        8,
                        0.630818017744577
                    ],
                    [
                        9,
                        0.7321781447472424
                    ],
                    [
                        10,
                        0.6343725111302471
                    ],
                    [
                        11,
                        0.637820277437475
                    ],
                    [
                        12,
                        0.6394963089333426
                    ],
                    [
                        13,
                        0.7456726737169619
                    ],
                    [
                        14,
                        0.7499600463790449
                    ],
                    [
                        15,
                        0.7489874632323696
                    ],
                    [
                        16,
                        0.86580078193231
                    ],
                    [
                        17,
                        0.9755338418094599
                    ],
                    [
                        18,
                        0.6542281054813043
                    ],
                    [
                        19,
                        0.7563273432847669
                    ],
                    [
                        20,
                        0.6522062699523798
                    ]
                ]
            },