{
    "loss": {
        "distributed": [
            [
                1,
                0.6909132589713576
            ],
            [
                2,
                0.9774717079142679
            ],
            [
                3,
                0.805197435585221
            ],
            [
                4,
                1.8253969787996007
            ],
            [
                5,
                0.6715484297072725
            ],
            [
                6,
                1.482437728218177
            ],
            [
                7,
                0.8491178750526627
            ],
            [
                8,
                2.0051739014164656
            ],
            [
                9,
                0.8614040585480552
            ],
            [
                10,
                1.2497229551193172
            ],
            [
                11,
                1.1711841942624868
            ],
            [
                12,
                1.6204498487741803
            ],
            [
                13,
                1.5424413611288603
            ],
            [
                14,
                1.515910509686568
            ],
            [
                15,
                0.4215802194915643
            ],
            [
                16,
                2.0881309270486486
            ],
            [
                17,
                0.4611223051285015
            ],
            [
                18,
                2.2857660042083823
            ],
            [
                19,
                0.4978776543137215
            ],
            [
                20,
                2.299148532150986
            ]
        ]
    },
    "metrics": {
        "distributed": {
            "fit": {
                "train_loss": [
                    [
                        1,
                        0.5014386120498316
                    ],
                    [
                        2,
                        0.9925832112403788
                    ],
                    [
                        3,
                        0.9634951421259225
                    ],
                    [
                        4,
                        1.1668091747842162
                    ],
                    [
                        5,
                        1.1755966987689757
                    ],
                    [
                        6,
                        0.9229385549516392
                    ],
                    [
                        7,
                        1.148426916949779
                    ],
                    [
                        8,
                        1.1429759569702111
                    ],
                    [
                        9,
                        1.3743830654618707
                    ],
                    [
                        10,
                        0.8887851832035448
                    ],
                    [
                        11,
                        1.1234323436069527
                    ],
                    [
                        12,
                        1.1160594285426644
                    ],
                    [
                        13,
                        1.3518956256174033
                    ],
                    [
                        14,
                        1.3533373378786908
                    ],
                    [
                        15,
                        0.8655290278305484
                    ],
                    [
                        16,
                        0.8691465294704818
                    ],
                    [
                        17,
                        1.1040666706341866
                    ],
                    [
                        18,
                        1.0969184639076843
                    ],
                    [
                        19,
                        1.106357935751135
                    ],
                    [
                        20,
                        1.3264478585906145
                    ]
                ],
                "train_accuracy": [
                    [
                        1,
                        0.8178127378837858
                    ],
                    [
                        2,
                        0.6171698258329451
                    ],
                    [
                        3,
                        0.626819770638686
                    ],
                    [
                        4,
                        0.541631242583027
                    ],
                    [
                        5,
                        0.5326366986461839
                    ],
                    [
                        6,
                        0.649912418604406
                    ],
                    [
                        7,
                        0.5433145880169312
                    ],
                    [
                        8,
                        0.5440879242698515
                    ],
                    [
                        9,
                        0.4541066268038983
                    ],
                    [
                        10,
                        0.6317319941394485
                    ],
                    [
                        11,
                        0.5681038501725036
                    ],
                    [
                        12,
                        0.5576214004020188
                    ],
                    [
                        13,
                        0.44994584496609075
                    ],
                    [
                        14,
                        0.467476756250205
                    ],
                    [
                        15,
                        0.6749608687560282
                    ],
                    [
                        16,
                        0.6376422335879501
                    ],
                    [
                        17,
                        0.5464640556311491
                    ],
                    [
                        18,
                        0.5625265184516866
                    ],
                    [
                        19,
                        0.5512629033044552
                    ],
                    [
                        20,
                        0.4861184236842278
                    ]
                ]
            },