{
    "loss": {
        "distributed": [
            [
                1,
                0.7837047967948465
            ],
            [
                2,
                0.3152684469287302
            ],
            [
                3,
                0.2827272071644283
            ],
            [
                4,
                0.28288081400128967
            ],
            [
                5,
                0.2819869104299217
            ],
            [
                6,
                0.2923396593759353
            ],
            [
                7,
                0.25280608618851774
            ],
            [
                8,
                0.28189342607019546
            ],
            [
                9,
                0.2842775103971362
            ],
            [
                10,
                0.3040086624043705
            ]
        ]
    },
    "metrics": {
        "distributed": {
            "fit": {
                "train_loss": [
                    [
                        1,
                        0.4202927512449227
                    ],
                    [
                        2,
                        0.22041364446129105
                    ],
                    [
                        3,
                        0.16756253751933997
                    ],
                    [
                        4,
                        0.12176670844344716
                    ],
                    [
                        5,
                        0.11310797345144903
                    ],
                    [
                        6,
                        0.06974755071702117
                    ],
                    [
                        7,
                        0.05900600494375612
                    ],
                    [
                        8,
                        0.059947335524418804
                    ],
                    [
                        9,
                        0.04619981339749295
                    ],
                    [
                        10,
                        0.027835865017936553
                    ]
                ],
                "train_accuracy": [
                    [
                        1,
                        0.8485156051763512
                    ],
                    [
                        2,
                        0.920527161027793
                    ],
                    [
                        3,
                        0.9403419007905249
                    ],
                    [
                        4,
                        0.9571158469098043
                    ],
                    [
                        5,
                        0.9613000178220215
                    ],
                    [
                        6,
                        0.9765816474844871
                    ],
                    [
                        7,
                        0.981240304426207
                    ],
                    [
                        8,
                        0.980246367860013
                    ],
                    [
                        9,
                        0.9864504013818585
                    ],
                    [
                        10,
                        0.992242669206258
                    ]
                ]
            },
            "evaluate": {
                "test_accuracy": [
                    [
                        1,
                        0.7106573705179283
                    ],
                    [
                        2,
                        0.8844896933132227
                    ],
                    [
                        3,
                        0.8979413599500936
                    ],
                    [
                        4,
                        0.8963924603669954
                    ],
                    [
                        5,
                        0.8984714800546788
                    ],
                    [
                        6,
                        0.9021618282890673
                    ],
                    [
                        7,
                        0.9172670807453416
                    ],
                    [
                        8,
                        0.9035558328134747
                    ],
                    [
                        9,
                        0.911
                    ],
                    [
                        10,
                        0.912265440536846
                    ]
                ],
                "test_loss": [
                    [
                        1,
                        0.7837048006240294
                    ],
                    [
                        2,
                        0.31526844573940926
                    ],
                    [
                        3,
                        0.2827272062143979
                    ],
                    [
                        4,
                        0.28288081592462017
                    ],
                    [
                        5,
                        0.28198690996975784
                    ],
                    [
                        6,
                        0.2923396533710619
                    ],
                    [
                        7,
                        0.25280608776731195
                    ],
                    [
                        8,
                        0.28189342348038665
                    ],
                    [
                        9,
                        0.28427750984788874
                    ],
                    [
                        10,
                        0.30400866421562917
                    ]
                ]
            }
        }
    }
}