{
    "loss": {
        "distributed": [
            [
                1,
                0.45658788084983826
            ],
            [
                2,
                0.42908021807670593
            ],
            [
                3,
                0.4190886318683624
            ],
            [
                4,
                0.2864302098751068
            ],
            [
                5,
                0.3297995328903198
            ],
            [
                6,
                0.5939944982528687
            ],
            [
                7,
                0.4170551896095276
            ],
            [
                8,
                0.3822117745876312
            ],
            [
                9,
                0.45195502042770386
            ],
            [
                10,
                0.47772955894470215
            ]
        ]
    },
    "metrics": {
        "distributed": {
            "fit": {
                "train_loss": [
                    [
                        1,
                        0.3908696347653611
                    ],
                    [
                        2,
                        0.22349978715339036
                    ],
                    [
                        3,
                        0.25337230799258237
                    ],
                    [
                        4,
                        0.12652750697039886
                    ],
                    [
                        5,
                        0.05326484282890325
                    ],
                    [
                        6,
                        0.02829403989462229
                    ],
                    [
                        7,
                        0.010490632699753031
                    ],
                    [
                        8,
                        0.12790048264827947
                    ],
                    [
                        9,
                        0.05618876616656072
                    ],
                    [
                        10,
                        0.011198148562045639
                    ]
                ],
                "train_accuracy": [
                    [
                        1,
                        0.859961959106039
                    ],
                    [
                        2,
                        0.919047619047619
                    ],
                    [
                        3,
                        0.9084640989063243
                    ],
                    [
                        4,
                        0.9537037037037037
                    ],
                    [
                        5,
                        0.9830687830687831
                    ],
                    [
                        6,
                        0.9928571428571429
                    ],
                    [
                        7,
                        0.9968253968253968
                    ],
                    [
                        8,
                        0.9550641940085592
                    ],
                    [
                        9,
                        0.9835948644793152
                    ],
                    [
                        10,
                        0.9965608465608465
                    ]
                ]
            },
            "evaluate": {
                "test_accuracy": [
                    [
                        1,
                        0.8421610169491526
                    ],
                    [
                        2,
                        0.8534728829686014
                    ],
                    [
                        3,
                        0.8534728829686014
                    ],
                    [
                        4,
                        0.9088983050847458
                    ],
                    [
                        5,
                        0.9067796610169492
                    ],
                    [
                        6,
                        0.8601332064700286
                    ],
                    [
                        7,
                        0.9120762711864406
                    ],
                    [
                        8,
                        0.8930084745762712
                    ],
                    [
                        9,
                        0.8898305084745762
                    ],
                    [
                        10,
                        0.9088983050847458
                    ]
                ],
                "test_loss": [
                    [
                        1,
                        0.4565878884266999
                    ],
                    [
                        2,
                        0.42908022703725196
                    ],
                    [
                        3,
                        0.4190886400916483
                    ],
                    [
                        4,
                        0.2864301997726246
                    ],
                    [
                        5,
                        0.32979953541594037
                    ],
                    [
                        6,
                        0.5939944785169825
                    ],
                    [
                        7,
                        0.417055191630024
                    ],
                    [
                        8,
                        0.3822117776183759
                    ],
                    [
                        9,
                        0.45195500880984935
                    ],
                    [
                        10,
                        0.47772957106768077
                    ]
                ]
            }
        }
    }
}