{
    "loss": {
        "distributed": [
            [
                1,
                0.6032201411766641
            ],
            [
                2,
                0.9491347818788815
            ],
            [
                3,
                3.7262842849777007
            ],
            [
                4,
                44.416375741918166
            ],
            [
                5,
                16.12851090811513
            ],
            [
                6,
                66.85343039465104
            ],
            [
                7,
                7.930160735091707
            ],
            [
                8,
                8.631121393869407
            ],
            [
                9,
                2.121584437026452
            ],
            [
                10,
                6.827929752975353
            ],
            [
                11,
                2.2029152092397273
            ],
            [
                12,
                5.830435775716218
            ],
            [
                13,
                1.6987610426975837
            ],
            [
                14,
                7.0286644172860235
            ],
            [
                15,
                2.797080756656405
            ],
            [
                16,
                7.064889274311087
            ],
            [
                17,
                2.8708297981185744
            ],
            [
                18,
                24.807274241578213
            ],
            [
                19,
                2.04829565749537
            ],
            [
                20,
                42.48948497860656
            ]
        ]
    },
    "metrics": {
        "distributed": {
            "fit": {
                "train_loss": [
                    [
                        1,
                        0.44743480282533266
                    ],
                    [
                        2,
                        0.26644224097066727
                    ],
                    [
                        3,
                        0.21507131217384926
                    ],
                    [
                        4,
                        0.1672524858170102
                    ],
                    [
                        5,
                        0.23821895001196003
                    ],
                    [
                        6,
                        0.3216405055005603
                    ],
                    [
                        7,
                        0.3741187999092005
                    ],
                    [
                        8,
                        0.5789198689382963
                    ],
                    [
                        9,
                        0.400318017763135
                    ],
                    [
                        10,
                        0.34215777169017153
                    ],
                    [
                        11,
                        0.3139906619586709
                    ],
                    [
                        12,
                        0.2984635748817086
                    ],
                    [
                        13,
                        0.2807532744211736
                    ],
                    [
                        14,
                        0.2692352736237193
                    ],
                    [
                        15,
                        0.24169665932212953
                    ],
                    [
                        16,
                        0.2735771831940478
                    ],
                    [
                        17,
                        0.28091185372283534
                    ],
                    [
                        18,
                        0.24746418766672296
                    ],
                    [
                        19,
                        0.2910383863514336
                    ],
                    [
                        20,
                        0.38383830231396676
                    ]
                ],
                "train_accuracy": [
                    [
                        1,
                        0.8382756042860703
                    ],
                    [
                        2,
                        0.9053016493833103
                    ],
                    [
                        3,
                        0.9220716533501121
                    ],
                    [
                        4,
                        0.9400667643425401
                    ],
                    [
                        5,
                        0.915426588239105
                    ],
                    [
                        6,
                        0.8858598307654009
                    ],
                    [
                        7,
                        0.8759069877471415
                    ],
                    [
                        8,
                        0.7815279229987159
                    ],
                    [
                        9,
                        0.8572465686595582
                    ],
                    [
                        10,
                        0.877533451476796
                    ],
                    [
                        11,
                        0.886185303109383
                    ],
                    [
                        12,
                        0.8948289575503465
                    ],
                    [
                        13,
                        0.899165422024146
                    ],
                    [
                        14,
                        0.9017454460988531
                    ],
                    [
                        15,
                        0.9156761025148514
                    ],
                    [
                        16,
                        0.9056987112660944
                    ],
                    [
                        17,
                        0.9024112903455356
                    ],
                    [
                        18,
                        0.9103221249672485
                    ],
                    [
                        19,
                        0.8977368907307517
                    ],
                    [
                        20,
                        0.866157007172243
                    ]
                ],